{"cameraMode":{"drawMode":0,"name":"Shaded","section":"Shading Mode"},"sceneLighting":true,"audioPlay":false,"sceneViewState":{"m_AlwaysRefresh":false,"showFog":true,"showSkybox":true,"showFlares":true,"showImageEffects":true,"showParticleSystems":true,"showVisualEffectGraphs":true,"m_FxEnabled":true},"in2DMode":false,"pivot":{"x":3.6158907413482668,"y":4.485599517822266,"z":20.89598274230957},"rotation":{"x":0.10136543959379196,"y":-0.12174621969461441,"z":0.01249789446592331,"w":0.9873118996620178},"size":0.0034608591813594105,"orthographic":false}