{"cameraMode":{"drawMode":0,"name":"Shaded","section":"Shading Mode"},"sceneLighting":true,"audioPlay":false,"sceneViewState":{"m_AlwaysRefresh":false,"showFog":true,"showSkybox":true,"showFlares":true,"showImageEffects":true,"showParticleSystems":true,"showVisualEffectGraphs":true,"m_FxEnabled":true},"in2DMode":false,"pivot":{"x":-84.32595825195313,"y":-151.25497436523438,"z":329.06317138671877},"rotation":{"x":-0.0008448210428468883,"y":0.7096394300460815,"z":-0.7045645117759705,"w":-0.0008509790641255677},"size":132.10440063476563,"orthographic":false}