{"cameraMode":{"drawMode":0,"name":"Shaded","section":"Shading Mode"},"sceneLighting":true,"audioPlay":false,"sceneViewState":{"m_AlwaysRefresh":false,"showFog":true,"showSkybox":true,"showFlares":true,"showImageEffects":true,"showParticleSystems":true,"showVisualEffectGraphs":true,"m_FxEnabled":true},"in2DMode":false,"pivot":{"x":3.8037261962890627,"y":-0.27494239807128909,"z":42.279998779296878},"rotation":{"x":-0.11554326862096787,"y":0.01220020093023777,"z":-0.0014155975077301264,"w":-0.9932296872138977},"size":19.104074478149415,"orthographic":false}